panel,rank,center_x_m,center_y_m,shot_count,mean_shot_quality
shot_density,1,12.249999982500002,0.0,283,
shot_density,2,8.749999975500002,0.0,133,
shot_density,3,7.874999973750001,-2.6842105263157876,113,
shot_density,4,7.874999973750001,0.8947368421052602,112,
shot_density,5,9.624999977250003,2.6842105263157876,110,
shot_density,6,8.749999975500002,-1.7894736842105274,108,
shot_density,7,7.874999973750001,2.6842105263157876,107,
shot_density,8,9.624999977250003,-0.8947368421052602,107,
shot_density,9,8.749999975500002,1.7894736842105274,105,
shot_density,10,9.624999977250003,4.473684210526315,102,
mean_shot_quality,1,-4.2000000000000006e-08,0.971428571428568,2,0.7863073277764387
mean_shot_quality,2,-4.2000000000000006e-08,2.914285714285711,1,0.7513405661273671
mean_shot_quality,3,1.9090908709090912,-0.9714285714285751,24,0.7277339531527621
mean_shot_quality,4,0.9545454144545455,1.942857142857143,9,0.6834497671244792
mean_shot_quality,5,1.9090908709090912,0.971428571428568,16,0.6731407123933739
mean_shot_quality,6,0.9545454144545455,-1.942857142857143,12,0.6550249263965163
mean_shot_quality,7,2.8636363273636367,0.0,28,0.6386405470924107
mean_shot_quality,8,0.9545454144545455,0.0,4,0.6239112865034295
mean_shot_quality,9,12.409090891909093,0.0,294,0.6179303201032483
mean_shot_quality,10,2.8636363273636367,-1.942857142857143,22,0.6024318613417726
mean_shot_quality,11,-4.2000000000000006e-08,-0.9714285714285751,1,0.5717975148567356
mean_shot_quality,12,1.9090908709090912,2.914285714285711,17,0.5708465489911659
mean_shot_quality,13,1.9090908709090912,-2.9142857142857146,19,0.5611912815148631
mean_shot_quality,14,2.8636363273636367,1.942857142857143,29,0.5535150013762088
mean_shot_quality,15,3.8181817838181824,0.971428571428568,41,0.4958217426758875
