team_id,team_name,shots,goals,xg_holdout,xg_intercept_recalibrated,goals_minus_xg_holdout,goals_minus_xg_recalibrated,xg_change,gmxg_change
4,SK Slavia Praha,634,75,99.981471,79.905114,-24.981471,-4.905114,-20.076357,20.076357
1,FC Viktoria Plzeň,511,70,75.499956,59.927603,-5.499956,10.072397,-15.572353,15.572353
10,Baník Ostrava,537,55,70.464043,55.707104,-15.464043,-0.707104,-14.756938,14.756938
3,AC Sparta Praha,569,61,67.217879,52.277952,-6.217879,8.722048,-14.939927,14.939927
9,FK Jablonec,498,59,64.75961,51.171195,-5.75961,7.828805,-13.588415,13.588415
11,Bohemians Praha 1905,451,36,57.532468,45.488916,-21.532468,-9.488916,-12.043551,12.043551
14,FC Slovan Liberec,425,46,55.380373,43.986911,-9.380373,2.013089,-11.393463,11.393463
13,FC Hradec Králové,424,40,54.00384,42.487604,-14.00384,-2.487604,-11.516236,11.516236
18,Mladá Boleslav,431,46,53.629266,42.382203,-7.629266,3.617797,-11.247063,11.247063
5,FK Teplice,445,41,49.522095,38.393519,-8.522095,2.606481,-11.128576,11.128576
2,SK Sigma Olomouc,371,48,49.488653,39.55343,-1.488653,8.44657,-9.935223,9.935223
12,1. FC Slovácko,382,30,48.278142,38.253096,-18.278142,-8.253096,-10.025046,10.025046
19,MFK Karviná,384,39,45.501666,35.962319,-6.501666,3.037681,-9.539347,9.539347
21,Dukla Praha,356,34,41.044849,32.360546,-7.044849,1.639454,-8.684303,8.684303
8,FK Pardubice,335,23,39.387495,30.828765,-16.387495,-7.828765,-8.55873,8.55873
17,SK Dynamo České Budějovice,349,15,37.523836,29.313723,-22.523836,-14.313723,-8.210113,8.210113
