Feature,Primary mean,No-situation mean,Pearson r,Mean absolute difference,Maximum absolute difference
mean_shot_quality,0.1085,0.1086,0.9932,0.0014,0.0041
median_shot_quality,0.0654,0.0662,0.9859,0.0015,0.0051
xg_per_match,1.4148,1.4156,0.9983,0.0184,0.0669
goals_minus_xg_per_match,-0.0405,-0.0413,0.9965,0.0184,0.0669
mean_distance_m,17.7911,17.7911,1.0,0.0,0.0
mean_angle_proxy,0.5889,0.5889,1.0,0.0,0.0
high_quality_share,0.1879,0.1928,0.9805,0.0082,0.0329
low_quality_share,0.3955,0.3945,0.9854,0.0093,0.0303
shots_per_match,12.8903,12.8903,1.0,0.0,0.0
on_target_rate,0.3371,0.3371,1.0,0.0,0.0
blocked_rate,0.26,0.26,1.0,0.0,0.0
goal_rate,0.1051,0.1051,1.0,0.0,0.0
header_share,0.1879,0.1879,1.0,0.0,0.0
close_range_share,0.222,0.222,1.0,0.0,0.0
