Feature,n team-season pairs,Year-to-year r,95% CI,p,ICC (team)
chance_creation_axis,30,0.764,"[0.56, 0.88]",0.0,0.78
finishing_axis,30,0.232,"[-0.14, 0.55]",0.2177,0.205
chance_source_axis,30,0.383,"[0.03, 0.65]",0.0367,0.331
mean_shot_quality,30,0.673,"[0.41, 0.83]",0.0,0.273
median_shot_quality,30,0.71,"[0.47, 0.85]",0.0,0.234
xg_per_match,30,0.885,"[0.77, 0.94]",0.0,0.726
goals_minus_xg_per_match,30,0.38,"[0.02, 0.65]",0.0385,-0.243
mean_distance_m,30,0.658,"[0.39, 0.82]",0.0001,0.358
mean_angle_proxy,30,0.186,"[-0.19, 0.51]",0.3252,0.036
high_quality_share,30,0.707,"[0.47, 0.85]",0.0,0.248
low_quality_share,30,0.681,"[0.43, 0.84]",0.0,0.357
shots_per_match,30,0.776,"[0.58, 0.89]",0.0,0.759
on_target_rate,30,0.294,"[-0.07, 0.59]",0.1145,0.247
blocked_rate,30,0.55,"[0.24, 0.76]",0.0016,0.231
goal_rate,30,0.407,"[0.05, 0.67]",0.0256,0.306
header_share,30,0.282,"[-0.09, 0.58]",0.1313,0.294
assisted_share,30,0.451,"[0.11, 0.70]",0.0124,0.006
set_piece_share,30,0.331,"[-0.03, 0.62]",0.0735,-0.057
close_range_share,30,0.435,"[0.09, 0.69]",0.0162,0.023
fast_break_share,30,0.589,"[0.29, 0.78]",0.0006,-0.358
