Team,Seasons,Chance-creation axis by season,Clusters,Range on chance-creation axis,Mean short-rest shot-quality delta,Trajectory
1. FC Slovácko,3,"-0.70, -0.96, -1.47",1->1->1,0.77,-0.019,Stable profile (load-sensitive)
AC Sparta Praha,3,"+4.91, +5.61, +0.84",0->0->1,4.77,-0.0006,Oscillating profile
Baník Ostrava,3,"-0.10, -2.03, +1.53",1->1->1,3.57,-0.033,Oscillating profile (load-sensitive)
Bohemians Praha 1905,3,"+0.41, -1.40, -0.26",1->1->1,1.81,-0.0081,Oscillating profile
FC Hradec Králové,3,"-0.86, +0.48, +1.41",1->1->1,2.26,-0.0261,Progressive improvement (load-sensitive)
FC Slovan Liberec,3,"-0.06, -1.49, +0.13",1->1->1,1.63,0.0262,Oscillating profile
FC Viktoria Plzeň,3,"+3.53, +5.74, +4.70",0->0->0,2.22,-0.01,Oscillating profile
FK Jablonec,3,"-1.25, -0.04, +1.93",1->1->1,3.18,0.0262,Progressive improvement
FK Pardubice,3,"-2.51, -0.51, -2.75",1->1->1,2.25,0.0188,Oscillating profile
FK Teplice,3,"-0.98, -3.50, -1.83",1->1->1,2.52,-0.0103,Oscillating profile
Mladá Boleslav,3,"-3.12, +0.22, -1.11",1->1->1,3.34,0.005,Oscillating profile
SK Dynamo České Budějovice,3,"-3.03, -3.51, -4.68",1->1->1,1.65,-0.0016,Oscillating profile
SK Sigma Olomouc,3,"-0.11, +0.48, +0.14",1->1->1,0.59,-0.0087,Stable profile
SK Slavia Praha,3,"+5.80, +4.04, +6.62",0->0->0,2.58,-0.0253,Oscillating profile (load-sensitive)
