team_id,team_name,season_name,team_season,cluster,profile,cluster_stability,chance_creation_axis,finishing_axis,chance_source_axis,matches,shots,goals,mean_shot_quality,median_shot_quality,xg_per_match,goals_minus_xg_per_match,mean_distance_m,mean_angle_proxy,high_quality_share,low_quality_share,shots_per_match,on_target_rate,blocked_rate,goal_rate,header_share,assisted_share,set_piece_share,close_range_share,fast_break_share
1,FC Viktoria Plzeň,2022/23,FC Viktoria Plzeň 2022/23,0,High-volume chance creators,0.6003,3.5251,-3.0069,-2.33,35,549,60,0.1083,0.0703,1.6991,0.0152,17.02,0.5792,0.1949,0.3461,15.6857,0.3115,0.2532,0.1093,0.2495,0.5774,0.2623,0.2659,0.0091
1,FC Viktoria Plzeň,2023/24,FC Viktoria Plzeň 2023/24,0,High-volume chance creators,0.6003,5.742,-0.4599,-0.0122,35,538,75,0.1324,0.0841,2.0345,0.1084,16.1411,0.5937,0.2658,0.2918,15.3714,0.3587,0.2658,0.1394,0.2175,0.5595,0.2807,0.2825,0.0316
1,FC Viktoria Plzeň,2024/25,FC Viktoria Plzeň 2024/25,0,High-volume chance creators,0.6003,4.7025,-1.1342,-0.3807,35,511,70,0.1398,0.0941,2.0418,-0.0418,15.6134,0.54,0.2857,0.2524,14.6,0.3346,0.2857,0.137,0.2211,0.4697,0.3268,0.2975,0.0705
2,SK Sigma Olomouc,2022/23,SK Sigma Olomouc 2022/23,1,Main body of the league,0.604,-0.1091,-0.4709,0.8245,35,447,50,0.0967,0.0607,1.2356,0.193,17.677,0.611,0.123,0.4004,12.7714,0.3512,0.2237,0.1119,0.2192,0.5526,0.3087,0.1678,0.0112
2,SK Sigma Olomouc,2023/24,SK Sigma Olomouc 2023/24,1,Main body of the league,0.604,0.4838,1.2253,1.3905,32,334,40,0.1029,0.0664,1.0739,0.1761,17.6435,0.5707,0.1677,0.3892,10.4375,0.3982,0.2186,0.1198,0.1707,0.5569,0.2994,0.2186,0.015
2,SK Sigma Olomouc,2024/25,SK Sigma Olomouc 2024/25,1,Main body of the league,0.604,0.1381,0.9331,2.82,35,371,48,0.1265,0.0693,1.3406,0.0308,17.3425,0.5775,0.2237,0.3504,10.6,0.3504,0.2561,0.1294,0.1644,0.4016,0.3612,0.2453,0.0809
3,AC Sparta Praha,2022/23,AC Sparta Praha 2022/23,0,High-volume chance creators,0.6003,4.9108,-1.934,0.785,35,573,74,0.1209,0.0659,1.9798,0.1345,16.8526,0.6022,0.2269,0.3665,16.3714,0.3508,0.2286,0.1291,0.2373,0.4956,0.3368,0.2164,0.0227
3,AC Sparta Praha,2023/24,AC Sparta Praha 2023/24,0,High-volume chance creators,0.6003,5.6119,1.9829,1.5424,35,559,82,0.1285,0.0789,2.0522,0.2907,16.6531,0.6314,0.2397,0.3113,15.9714,0.4043,0.2308,0.1467,0.1968,0.542,0.2701,0.2361,0.0376
3,AC Sparta Praha,2024/25,AC Sparta Praha 2024/25,1,Main body of the league,0.604,0.8383,1.2138,-0.0922,35,569,61,0.1106,0.0791,1.7984,-0.0555,16.7788,0.606,0.2197,0.3251,16.2571,0.3409,0.2917,0.1072,0.188,0.4868,0.3199,0.2232,0.0527
4,SK Slavia Praha,2022/23,SK Slavia Praha 2022/23,0,High-volume chance creators,0.6003,5.8015,3.0386,1.3589,35,537,94,0.1188,0.0706,1.8234,0.8623,17.5038,0.6429,0.2142,0.3333,15.3429,0.4041,0.2533,0.175,0.162,0.5866,0.2551,0.2142,0.0168
4,SK Slavia Praha,2023/24,SK Slavia Praha 2023/24,0,High-volume chance creators,0.6003,4.042,-0.8092,-1.7011,35,646,74,0.1253,0.0705,2.3126,-0.1983,16.987,0.5839,0.2601,0.3762,18.4571,0.3467,0.2415,0.1146,0.209,0.5666,0.2786,0.2539,0.0248
4,SK Slavia Praha,2024/25,SK Slavia Praha 2024/25,0,High-volume chance creators,0.6003,6.6182,-0.4075,-1.8894,35,634,75,0.1499,0.096,2.7152,-0.5723,15.8119,0.5829,0.306,0.2461,18.1143,0.3754,0.1924,0.1183,0.1956,0.4811,0.2871,0.3344,0.0836
5,FK Teplice,2022/23,FK Teplice 2022/23,1,Main body of the league,0.604,-0.9784,1.4157,0.6826,35,357,45,0.1021,0.0558,1.0419,0.2438,18.6496,0.5985,0.1513,0.4594,10.2,0.3641,0.2017,0.1261,0.1821,0.5602,0.2437,0.1653,0.0196
5,FK Teplice,2023/24,FK Teplice 2023/24,1,Main body of the league,0.604,-3.503,-1.0456,0.353,34,435,35,0.0889,0.0545,1.1379,-0.1084,19.5098,0.5754,0.1103,0.4667,12.7941,0.2989,0.2483,0.0805,0.1839,0.5011,0.3103,0.1747,0.0115
5,FK Teplice,2024/25,FK Teplice 2024/25,1,Main body of the league,0.604,-1.8325,-1.4499,0.2915,35,445,41,0.1026,0.0703,1.3047,-0.1333,17.6028,0.5304,0.1865,0.3708,12.7143,0.2921,0.2584,0.0921,0.2022,0.4292,0.3596,0.2607,0.0584
6,FC Zlín,2022/23,FC Zlín 2022/23,1,Main body of the league,0.604,-0.6763,-1.9952,-0.6718,35,424,42,0.0928,0.0581,1.1238,0.0762,17.7533,0.5698,0.1297,0.4458,12.1143,0.3561,0.2335,0.0991,0.2642,0.5613,0.2689,0.2288,0.0118
6,FC Zlín,2023/24,FC Zlín 2023/24,1,Main body of the league,0.604,-0.5014,-1.4661,-0.1642,35,395,40,0.098,0.062,1.1059,0.037,17.5358,0.5587,0.1696,0.438,11.2857,0.3114,0.2329,0.1013,0.2304,0.5671,0.2962,0.2506,0.0203
7,FC Zbrojovka Brno,2022/23,FC Zbrojovka Brno 2022/23,1,Main body of the league,0.604,-1.2645,-0.6925,-1.0549,35,402,39,0.0979,0.0623,1.1239,-0.0096,17.9225,0.6087,0.1393,0.3856,11.4857,0.306,0.2886,0.097,0.1592,0.5746,0.2512,0.1816,0.0075
8,FK Pardubice,2022/23,FK Pardubice 2022/23,1,Main body of the league,0.604,-2.5112,0.5468,-3.2785,34,395,32,0.0898,0.0591,1.043,-0.1018,19.0358,0.5978,0.1468,0.438,11.6176,0.3165,0.243,0.081,0.1671,0.643,0.1696,0.1848,0.0025
8,FK Pardubice,2023/24,FK Pardubice 2023/24,1,Main body of the league,0.604,-0.5074,-0.4001,0.9235,34,364,35,0.1048,0.0702,1.1225,-0.0931,17.8458,0.6059,0.1786,0.3544,10.7059,0.3269,0.2885,0.0962,0.1566,0.5165,0.294,0.2033,0.033
8,FK Pardubice,2024/25,FK Pardubice 2024/25,1,Main body of the league,0.604,-2.7532,0.5742,-0.6392,35,335,23,0.1095,0.0703,1.0485,-0.3913,17.3552,0.5802,0.203,0.3701,9.5714,0.3045,0.3104,0.0687,0.1493,0.4836,0.2985,0.2179,0.0776
9,FK Jablonec,2022/23,FK Jablonec 2022/23,1,Main body of the league,0.604,-1.2491,3.5132,0.387,35,419,48,0.0958,0.0573,1.1468,0.2247,18.9595,0.6348,0.1384,0.4535,11.9714,0.4057,0.2339,0.1146,0.1122,0.6086,0.2363,0.1504,0.0167
9,FK Jablonec,2023/24,FK Jablonec 2023/24,1,Main body of the league,0.604,-0.0438,0.5552,0.76,34,376,41,0.1049,0.0619,1.16,0.0459,18.0315,0.6021,0.1782,0.4069,11.0588,0.3484,0.2473,0.109,0.1862,0.5612,0.2846,0.2234,0.0319
9,FK Jablonec,2024/25,FK Jablonec 2024/25,1,Main body of the league,0.604,1.9333,0.8358,0.2714,35,498,59,0.1231,0.078,1.7519,-0.0662,16.9451,0.5812,0.2671,0.3293,14.2286,0.3635,0.261,0.1185,0.1948,0.4819,0.3353,0.2671,0.0602
10,Baník Ostrava,2022/23,Baník Ostrava 2022/23,1,Main body of the league,0.604,-0.0976,0.4085,-1.6731,34,462,51,0.1062,0.0538,1.4437,0.0563,18.7852,0.5962,0.1753,0.4524,13.5882,0.3333,0.2424,0.1104,0.1905,0.5996,0.2165,0.21,0.0195
10,Baník Ostrava,2023/24,Baník Ostrava 2023/24,1,Main body of the league,0.604,-2.0332,3.2789,-3.4146,35,558,53,0.0968,0.0538,1.5436,-0.0293,19.9291,0.5466,0.1577,0.4677,15.9429,0.3405,0.2832,0.095,0.1362,0.647,0.1953,0.138,0.0358
10,Baník Ostrava,2024/25,Baník Ostrava 2024/25,1,Main body of the league,0.604,1.5344,0.6447,-1.6338,34,537,55,0.1229,0.0805,1.9409,-0.3232,17.0471,0.5904,0.2272,0.3184,15.7941,0.324,0.2607,0.1024,0.1862,0.5251,0.3017,0.2737,0.0726
11,Bohemians Praha 1905,2022/23,Bohemians Praha 1905 2022/23,1,Main body of the league,0.604,0.4098,-0.053,3.6807,35,426,55,0.1019,0.059,1.2403,0.3311,18.1267,0.6391,0.1432,0.4272,12.1714,0.3779,0.2324,0.1291,0.2019,0.4272,0.331,0.1854,0.0235
11,Bohemians Praha 1905,2023/24,Bohemians Praha 1905 2023/24,1,Main body of the league,0.604,-1.3972,-3.1095,0.5417,35,427,34,0.1046,0.0618,1.2763,-0.3049,17.6621,0.556,0.1546,0.4028,12.2,0.3115,0.3021,0.0796,0.1944,0.466,0.3162,0.2225,0.0351
11,Bohemians Praha 1905,2024/25,Bohemians Praha 1905 2024/25,1,Main body of the league,0.604,-0.2644,-2.5609,-0.0627,34,451,36,0.1197,0.074,1.588,-0.5291,16.9133,0.5619,0.2173,0.3326,13.2647,0.2838,0.3149,0.0798,0.2151,0.4169,0.337,0.2772,0.1064
12,1. FC Slovácko,2022/23,1. FC Slovácko 2022/23,1,Main body of the league,0.604,-0.702,-1.7611,0.2506,35,391,39,0.0983,0.0556,1.0977,0.0166,18.0022,0.6149,0.1662,0.4425,11.1714,0.3248,0.2276,0.0997,0.2302,0.5294,0.289,0.2302,0.0077
12,1. FC Slovácko,2023/24,1. FC Slovácko 2023/24,1,Main body of the league,0.604,-0.9646,-0.403,-1.9916,35,445,43,0.1042,0.0638,1.325,-0.0964,18.4518,0.5345,0.1685,0.3978,12.7143,0.3101,0.2742,0.0966,0.1708,0.5483,0.2315,0.2157,0.0202
12,1. FC Slovácko,2024/25,1. FC Slovácko 2024/25,1,Main body of the league,0.604,-1.4747,-1.1962,-0.719,35,382,30,0.1193,0.0701,1.3025,-0.4453,17.5951,0.5676,0.1963,0.3717,10.9143,0.3063,0.288,0.0785,0.2016,0.4555,0.3089,0.2906,0.0707
13,FC Hradec Králové,2022/23,FC Hradec Králové 2022/23,1,Main body of the league,0.604,-0.8563,0.0756,-0.5,34,400,39,0.0975,0.0575,1.1467,0.0004,18.0622,0.6225,0.1575,0.4475,11.7647,0.35,0.255,0.0975,0.1775,0.5825,0.2475,0.2075,0.015
13,FC Hradec Králové,2023/24,FC Hradec Králové 2023/24,1,Main body of the league,0.604,0.4801,-2.481,0.8343,35,427,41,0.1094,0.0608,1.3344,-0.163,17.129,0.5835,0.2014,0.3958,12.2,0.3162,0.2529,0.096,0.2482,0.4988,0.3021,0.2272,0.0422
13,FC Hradec Králové,2024/25,FC Hradec Králové 2024/25,1,Main body of the league,0.604,1.4086,-1.507,0.6079,34,424,40,0.1211,0.0779,1.5097,-0.3333,16.2661,0.5993,0.2382,0.3184,12.4706,0.3396,0.25,0.0943,0.2264,0.4646,0.3656,0.3019,0.059
14,FC Slovan Liberec,2022/23,FC Slovan Liberec 2022/23,1,Main body of the league,0.604,-0.0613,1.0754,0.99,34,416,50,0.1064,0.0552,1.3015,0.1691,18.6348,0.5977,0.1851,0.4495,12.2353,0.3822,0.262,0.1202,0.1514,0.5385,0.2861,0.1803,0.0288
14,FC Slovan Liberec,2023/24,FC Slovan Liberec 2023/24,1,Main body of the league,0.604,-1.4938,1.3768,-0.4564,32,439,44,0.1034,0.052,1.4183,-0.0433,19.056,0.5897,0.1708,0.4715,13.7188,0.3371,0.2597,0.1002,0.1458,0.5604,0.2688,0.1868,0.0228
14,FC Slovan Liberec,2024/25,FC Slovan Liberec 2024/25,1,Main body of the league,0.604,0.1318,1.6413,0.0115,32,425,46,0.1216,0.0734,1.6156,-0.1781,17.758,0.5847,0.2212,0.3835,13.2812,0.3694,0.2706,0.1082,0.1835,0.4965,0.3176,0.2518,0.0753
17,SK Dynamo České Budějovice,2022/23,SK Dynamo České Budějovice 2022/23,1,Main body of the league,0.604,-3.026,0.6021,-0.2226,32,318,35,0.0881,0.0502,0.8753,0.2185,19.3073,0.6175,0.1447,0.4937,9.9375,0.3333,0.2579,0.1101,0.2264,0.5849,0.2201,0.1981,0.0126
17,SK Dynamo České Budějovice,2023/24,SK Dynamo České Budějovice 2023/24,1,Main body of the league,0.604,-3.5126,1.3872,1.3712,35,434,40,0.0913,0.045,1.1317,0.0111,19.1675,0.6174,0.1475,0.5415,12.4,0.3226,0.265,0.0922,0.1359,0.5207,0.2995,0.1544,0.0276
17,SK Dynamo České Budějovice,2024/25,SK Dynamo České Budějovice 2024/25,1,Main body of the league,0.604,-4.6767,-2.9353,1.2767,35,349,15,0.099,0.0574,0.987,-0.5584,17.5328,0.5974,0.1662,0.4298,9.9714,0.2693,0.3095,0.043,0.2034,0.4097,0.4126,0.255,0.0516
18,Mladá Boleslav,2022/23,Mladá Boleslav 2022/23,1,Main body of the league,0.604,-3.1155,-0.7624,0.7715,32,432,39,0.0851,0.0532,1.149,0.0697,18.9304,0.5842,0.125,0.4769,13.5,0.3426,0.2963,0.0903,0.1944,0.5162,0.3264,0.1505,0.0255
18,Mladá Boleslav,2023/24,Mladá Boleslav 2023/24,1,Main body of the league,0.604,0.2226,0.8878,1.2536,36,461,52,0.1069,0.0633,1.369,0.0754,18.0835,0.6228,0.1974,0.3991,12.8056,0.3341,0.295,0.1128,0.1584,0.5336,0.2885,0.2061,0.0412
18,Mladá Boleslav,2024/25,Mladá Boleslav 2024/25,1,Main body of the league,0.604,-1.1128,2.2311,0.0237,35,431,46,0.1181,0.0709,1.4541,-0.1398,17.6454,0.607,0.2204,0.3689,12.3143,0.3063,0.3039,0.1067,0.1206,0.4826,0.3016,0.232,0.0719
19,MFK Karviná,2023/24,MFK Karviná 2023/24,1,Main body of the league,0.604,-2.6251,-0.5196,-1.2298,35,423,35,0.0954,0.0544,1.1531,-0.1531,18.8233,0.5496,0.1324,0.4634,12.0857,0.3073,0.2553,0.0827,0.1939,0.5366,0.2388,0.1891,0.0355
19,MFK Karviná,2024/25,MFK Karviná 2024/25,1,Main body of the league,0.604,-1.7405,3.5243,-1.0813,31,384,39,0.1135,0.0663,1.4064,-0.1483,18.1331,0.5845,0.2135,0.4193,12.3871,0.3464,0.2448,0.1016,0.1484,0.5312,0.263,0.1901,0.0729
21,Dukla Praha,2024/25,Dukla Praha 2024/25,1,Main body of the league,0.604,-3.4506,-0.4074,1.1956,35,356,34,0.1066,0.0655,1.084,-0.1126,17.7594,0.5355,0.1657,0.4045,10.1714,0.2893,0.2865,0.0955,0.1573,0.4242,0.3764,0.2163,0.0562
