Matches,Feature,Pearson r with remainder,Pearson 95% team-cluster bootstrap CI lower,Pearson 95% team-cluster bootstrap CI upper,Spearman rho with remainder,n,Excluded team-seasons,Exclusion note
3,chance_creation_axis,0.293,-0.01,0.483,0.265,47,1,FC Hradec Králové 2024/25 (early window 15 shots)
3,finishing_axis,0.407,0.133,0.656,0.411,47,1,FC Hradec Králové 2024/25 (early window 15 shots)
3,xg_per_match,0.573,0.361,0.688,0.574,47,1,FC Hradec Králové 2024/25 (early window 15 shots)
3,shots_per_match,0.558,0.274,0.703,0.515,47,1,FC Hradec Králové 2024/25 (early window 15 shots)
3,mean_shot_quality,0.336,0.09,0.549,0.315,47,1,FC Hradec Králové 2024/25 (early window 15 shots)
3,goals_minus_xg_per_match,0.397,0.186,0.635,0.432,47,1,FC Hradec Králové 2024/25 (early window 15 shots)
3,on_target_rate,0.279,0.012,0.521,0.299,47,1,FC Hradec Králové 2024/25 (early window 15 shots)
5,chance_creation_axis,0.568,0.281,0.735,0.49,48,0,
5,finishing_axis,0.478,0.26,0.686,0.506,48,0,
5,xg_per_match,0.702,0.496,0.803,0.711,48,0,
5,shots_per_match,0.612,0.31,0.748,0.571,48,0,
5,mean_shot_quality,0.48,0.263,0.672,0.458,48,0,
5,goals_minus_xg_per_match,0.599,0.433,0.721,0.552,48,0,
5,on_target_rate,0.296,0.145,0.465,0.307,48,0,
7,chance_creation_axis,0.62,0.357,0.782,0.566,48,0,
7,finishing_axis,0.533,0.325,0.726,0.54,48,0,
7,xg_per_match,0.719,0.497,0.832,0.715,48,0,
7,shots_per_match,0.669,0.384,0.798,0.614,48,0,
7,mean_shot_quality,0.497,0.258,0.682,0.465,48,0,
7,goals_minus_xg_per_match,0.556,0.298,0.72,0.492,48,0,
7,on_target_rate,0.248,0.054,0.456,0.198,48,0,
10,chance_creation_axis,0.688,0.461,0.815,0.628,48,0,
10,finishing_axis,0.618,0.463,0.749,0.602,48,0,
10,xg_per_match,0.768,0.553,0.858,0.723,48,0,
10,shots_per_match,0.707,0.41,0.83,0.649,48,0,
10,mean_shot_quality,0.578,0.379,0.717,0.574,48,0,
10,goals_minus_xg_per_match,0.432,0.148,0.616,0.374,48,0,
10,on_target_rate,0.415,0.231,0.601,0.406,48,0,
12,chance_creation_axis,0.708,0.481,0.842,0.659,48,0,
12,finishing_axis,0.605,0.383,0.776,0.644,48,0,
12,xg_per_match,0.79,0.566,0.87,0.718,48,0,
12,shots_per_match,0.652,0.286,0.812,0.578,48,0,
12,mean_shot_quality,0.598,0.404,0.737,0.57,48,0,
12,goals_minus_xg_per_match,0.486,0.171,0.675,0.455,48,0,
12,on_target_rate,0.357,0.053,0.605,0.33,48,0,
15,chance_creation_axis,0.74,0.535,0.849,0.673,48,0,
15,finishing_axis,0.625,0.391,0.803,0.634,48,0,
15,xg_per_match,0.773,0.49,0.88,0.679,48,0,
15,shots_per_match,0.629,0.283,0.758,0.561,48,0,
15,mean_shot_quality,0.667,0.521,0.793,0.618,48,0,
15,goals_minus_xg_per_match,0.513,0.176,0.705,0.408,48,0,
15,on_target_rate,0.42,0.17,0.617,0.455,48,0,
18,chance_creation_axis,0.686,0.491,0.795,0.637,48,0,
18,finishing_axis,0.621,0.432,0.771,0.613,48,0,
18,xg_per_match,0.751,0.505,0.863,0.673,48,0,
18,shots_per_match,0.667,0.319,0.788,0.567,48,0,
18,mean_shot_quality,0.645,0.451,0.786,0.604,48,0,
18,goals_minus_xg_per_match,0.459,0.092,0.665,0.317,48,0,
18,on_target_rate,0.363,0.146,0.547,0.397,48,0,
20,chance_creation_axis,0.703,0.484,0.818,0.646,48,0,
20,finishing_axis,0.553,0.346,0.725,0.523,48,0,
20,xg_per_match,0.747,0.5,0.856,0.644,48,0,
20,shots_per_match,0.683,0.322,0.82,0.585,48,0,
20,mean_shot_quality,0.652,0.459,0.793,0.592,48,0,
20,goals_minus_xg_per_match,0.563,0.204,0.77,0.405,48,0,
20,on_target_rate,0.373,0.188,0.552,0.372,48,0,
