team_season_key,adjusted_xg_per_match,adjusted_shots_per_match,adjusted_mean_shot_quality,team_id,season_name,team_name,chance_creation_axis,xg_per_match,raw_xg_rank,adjusted_xg_rank,rank_change_adjusted_minus_raw,Spearman adjusted xG vs chance axis
3_2022/23,1.5523,13.6238,0.1092,3,2022/23,AC Sparta Praha,4.9108,1.9798,1.0,1.0,0.0,0.721
4_2022/23,1.379,12.3855,0.1092,4,2022/23,SK Slavia Praha,5.8015,1.8234,2.0,2.0,0.0,0.721
1_2022/23,1.2915,13.0468,0.1008,1,2022/23,FC Viktoria Plzeň,3.5251,1.6991,3.0,3.0,0.0,0.721
10_2022/23,1.0098,10.7237,0.0942,10,2022/23,Baník Ostrava,-0.0976,1.4437,4.0,4.0,0.0,0.721
11_2022/23,0.8724,9.7694,0.094,11,2022/23,Bohemians Praha 1905,0.4098,1.2403,6.0,5.0,-1.0,0.721
2_2022/23,0.855,10.327,0.0851,2,2022/23,SK Sigma Olomouc,-0.1091,1.2356,7.0,6.0,-1.0,0.721
14_2022/23,0.8496,9.2855,0.0949,14,2022/23,FC Slovan Liberec,-0.0613,1.3015,5.0,7.0,2.0,0.721
18_2022/23,0.7387,10.7747,0.0756,18,2022/23,Mladá Boleslav,-3.1155,1.149,8.0,8.0,0.0,0.721
12_2022/23,0.7197,8.6885,0.0882,12,2022/23,1. FC Slovácko,-0.702,1.0977,13.0,9.0,-4.0,0.721
13_2022/23,0.7137,8.9705,0.0846,13,2022/23,FC Hradec Králové,-0.8563,1.1467,10.0,10.0,0.0,0.721
6_2022/23,0.7033,9.3067,0.0771,6,2022/23,FC Zlín,-0.6763,1.1238,12.0,11.0,-1.0,0.721
9_2022/23,0.7019,9.0409,0.0831,9,2022/23,FK Jablonec,-1.2491,1.1468,9.0,12.0,3.0,0.721
7_2022/23,0.6995,8.7665,0.0876,7,2022/23,FC Zbrojovka Brno,-1.2645,1.1239,11.0,13.0,2.0,0.721
8_2022/23,0.6361,8.9279,0.0749,8,2022/23,FK Pardubice,-2.5112,1.043,14.0,14.0,0.0,0.721
5_2022/23,0.609,7.2683,0.0909,5,2022/23,FK Teplice,-0.9784,1.0419,15.0,15.0,0.0,0.721
17_2022/23,0.4884,7.3548,0.0776,17,2022/23,SK Dynamo České Budějovice,-3.026,0.8753,16.0,16.0,0.0,0.721
4_2023/24,1.8876,15.8121,0.1127,4,2023/24,SK Slavia Praha,4.042,2.3126,1.0,1.0,0.0,0.721
1_2023/24,1.6463,13.0449,0.1159,1,2023/24,FC Viktoria Plzeň,5.742,2.0345,3.0,2.0,-1.0,0.721
3_2023/24,1.644,13.5361,0.1142,3,2023/24,AC Sparta Praha,5.6119,2.0522,2.0,3.0,1.0,0.721
10_2023/24,1.179,13.7955,0.0829,10,2023/24,Baník Ostrava,-2.0332,1.5436,4.0,4.0,0.0,0.721
18_2023/24,1.0196,10.713,0.0893,18,2023/24,Mladá Boleslav,0.2226,1.369,6.0,5.0,-1.0,0.721
14_2023/24,1.0131,11.2819,0.0919,14,2023/24,FC Slovan Liberec,-1.4938,1.4183,5.0,6.0,1.0,0.721
12_2023/24,0.9664,10.5437,0.0876,12,2023/24,1. FC Slovácko,-0.9646,1.325,8.0,7.0,-1.0,0.721
13_2023/24,0.931,9.7976,0.0981,13,2023/24,FC Hradec Králové,0.4801,1.3344,7.0,8.0,1.0,0.721
11_2023/24,0.8364,9.4946,0.1001,11,2023/24,Bohemians Praha 1905,-1.3972,1.2763,9.0,9.0,0.0,0.721
19_2023/24,0.7446,9.632,0.0821,19,2023/24,MFK Karviná,-2.6251,1.1531,11.0,10.0,-1.0,0.721
17_2023/24,0.7435,9.9773,0.0817,17,2023/24,SK Dynamo České Budějovice,-3.5126,1.1317,13.0,11.0,-2.0,0.721
5_2023/24,0.7401,10.3332,0.0823,5,2023/24,FK Teplice,-3.503,1.1379,12.0,12.0,0.0,0.721
9_2023/24,0.7224,8.439,0.0932,9,2023/24,FK Jablonec,-0.0438,1.16,10.0,13.0,3.0,0.721
8_2023/24,0.6987,8.1659,0.0912,8,2023/24,FK Pardubice,-0.5074,1.1225,14.0,14.0,0.0,0.721
6_2023/24,0.6786,8.6859,0.0843,6,2023/24,FC Zlín,-0.5014,1.1059,15.0,15.0,0.0,0.721
2_2023/24,0.6692,7.964,0.1021,2,2023/24,SK Sigma Olomouc,0.4838,1.0739,16.0,16.0,0.0,0.721
4_2024/25,2.157,15.668,0.1255,4,2024/25,SK Slavia Praha,6.6182,2.7152,1.0,1.0,0.0,0.721
1_2024/25,1.5204,12.4722,0.1182,1,2024/25,FC Viktoria Plzeň,4.7025,2.0418,2.0,2.0,0.0,0.721
10_2024/25,1.4386,13.8273,0.0986,10,2024/25,Baník Ostrava,1.5344,1.9409,3.0,3.0,0.0,0.721
3_2024/25,1.2671,14.0859,0.0866,3,2024/25,AC Sparta Praha,0.8383,1.7984,4.0,4.0,0.0,0.721
9_2024/25,1.2586,12.3203,0.0958,9,2024/25,FK Jablonec,1.9333,1.7519,5.0,5.0,0.0,0.721
14_2024/25,1.07,11.0183,0.0977,14,2024/25,FC Slovan Liberec,0.1318,1.6156,6.0,6.0,0.0,0.721
11_2024/25,1.0503,11.0044,0.0927,11,2024/25,Bohemians Praha 1905,-0.2644,1.588,7.0,7.0,0.0,0.721
13_2024/25,0.9421,10.0822,0.0979,13,2024/25,FC Hradec Králové,1.4086,1.5097,8.0,8.0,0.0,0.721
19_2024/25,0.8888,10.298,0.0862,19,2024/25,MFK Karviná,-1.7405,1.4064,10.0,9.0,-1.0,0.721
18_2024/25,0.8803,9.9178,0.0936,18,2024/25,Mladá Boleslav,-1.1128,1.4541,9.0,10.0,1.0,0.721
2_2024/25,0.8463,8.6667,0.1078,2,2024/25,SK Sigma Olomouc,0.1381,1.3406,11.0,11.0,0.0,0.721
5_2024/25,0.726,10.2465,0.0809,5,2024/25,FK Teplice,-1.8325,1.3047,12.0,12.0,0.0,0.721
12_2024/25,0.7136,8.384,0.092,12,2024/25,1. FC Slovácko,-1.4747,1.3025,13.0,13.0,0.0,0.721
21_2024/25,0.5304,7.8395,0.085,21,2024/25,Dukla Praha,-3.4506,1.084,14.0,14.0,0.0,0.721
8_2024/25,0.5029,7.3844,0.0858,8,2024/25,FK Pardubice,-2.7532,1.0485,15.0,15.0,0.0,0.721
17_2024/25,0.4598,7.8049,0.0745,17,2024/25,SK Dynamo České Budějovice,-4.6767,0.987,16.0,16.0,0.0,0.721
