Feature,Pearson r,Pearson 95% bootstrap CI,Spearman rho,Spearman 95% bootstrap CI,MAE first vs second half,n team-seasons
shots_per_match,0.637,"[0.430, 0.775]",0.541,"[0.254, 0.731]",1.651,48
xg_per_match,0.751,"[0.572, 0.868]",0.676,"[0.453, 0.812]",0.243,48
mean_shot_quality,0.593,"[0.355, 0.757]",0.571,"[0.310, 0.745]",0.013,48
high_quality_share,0.602,"[0.406, 0.765]",0.561,"[0.331, 0.741]",0.04,48
chance_creation_axis,0.628,"[0.418, 0.773]",0.506,"[0.232, 0.716]",2.209,48
goals_per_match,0.626,"[0.412, 0.779]",0.526,"[0.247, 0.737]",0.34,48
goals_minus_xg_per_match,0.452,"[0.124, 0.665]",0.322,"[-0.005, 0.600]",0.278,48
on_target_rate,0.381,"[0.143, 0.594]",0.375,"[0.108, 0.616]",0.035,48
finishing_axis,0.552,"[0.341, 0.711]",0.557,"[0.310, 0.730]",1.641,48
