Feature set,Component,Variance explained (%),Cumulative variance (%),Eigenvalue
Full (17 features),PC1,42.9,42.9,7.44
Full (17 features),PC2,16.5,59.4,2.87
Full (17 features),PC3,11.1,70.5,1.92
Full (17 features),PC4,8.3,78.7,1.44
Full (17 features),PC5,5.3,84.1,0.92
Full (17 features),PC6,4.5,88.6,0.79
Full (17 features),PC7,3.8,92.4,0.66
Full (17 features),PC8,2.4,94.8,0.41
Full (17 features),PC9,1.9,96.6,0.32
Full (17 features),PC10,1.3,97.9,0.22
Full (17 features),PC11,0.8,98.7,0.14
Full (17 features),PC12,0.5,99.2,0.09
Full (17 features),PC13,0.3,99.5,0.05
Full (17 features),PC14,0.3,99.8,0.05
Full (17 features),PC15,0.1,99.9,0.02
Full (17 features),PC16,0.1,100.0,0.02
Full (17 features),PC17,0.0,100.0,0.0
Reduced (9 features),PC1,30.2,30.2,2.78
Reduced (9 features),PC2,18.6,48.9,1.71
Reduced (9 features),PC3,14.6,63.4,1.34
Reduced (9 features),PC4,12.8,76.2,1.18
Reduced (9 features),PC5,7.7,83.9,0.71
Reduced (9 features),PC6,7.3,91.2,0.67
Reduced (9 features),PC7,3.8,95.1,0.35
Reduced (9 features),PC8,2.9,97.9,0.26
Reduced (9 features),PC9,2.1,100.0,0.19
