Team,delta,lo,hi,n_short
Baník Ostrava,-0.0271,-0.0457,-0.0074,71
SK Slavia Praha,-0.0267,-0.0492,-0.0003,87
FC Hradec Králové,-0.0203,-0.042,0.0049,63
SK Sigma Olomouc,-0.0181,-0.0387,0.0059,67
FK Teplice,-0.0096,-0.0303,0.0159,79
AC Sparta Praha,-0.0096,-0.0324,0.0146,94
Bohemians Praha 1905,-0.0082,-0.0296,0.0164,95
1. FC Slovácko,0.0034,-0.0243,0.0364,86
SK Dynamo České Budějovice,0.0075,-0.0164,0.0339,52
Mladá Boleslav,0.01,-0.0138,0.0366,116
FK Pardubice,0.0133,-0.0132,0.0445,54
FC Viktoria Plzeň,0.018,-0.0112,0.0481,108
FK Jablonec,0.0198,-0.0085,0.0514,99
FC Slovan Liberec,0.0218,-0.0159,0.0646,80
