Feature set,Algorithm,k,Silhouette,Calinski-Harabasz,Davies-Bouldin,BIC (GMM),Mean bootstrap Jaccard,Min bootstrap Jaccard,Smallest cluster n
Full (17 features),k-means,2,0.4176,27.084,0.8878,,0.6021,0.6003,8
Full (17 features),k-means,3,0.216,21.3807,1.5133,,0.51,0.4497,8
Full (17 features),k-means,4,0.197,18.7975,1.3887,,0.4457,0.3573,8
Full (17 features),k-means,5,0.2048,16.7494,1.3612,,0.4152,0.3431,8
Full (17 features),k-means,6,0.2008,15.6609,1.2073,,0.4184,0.3158,2
Full (17 features),k-means,7,0.2054,15.0514,1.2221,,0.4289,0.2813,2
Full (17 features),GMM,2,0.4176,27.084,0.8878,916.7834,0.5359,0.5006,8
Full (17 features),GMM,3,0.1339,16.1823,1.8035,939.6123,0.3981,0.2018,7
Full (17 features),GMM,4,0.0752,12.5895,2.1952,953.4022,0.352,0.2224,6
Full (17 features),GMM,5,0.1244,12.0622,1.4861,971.8134,0.3564,0.2598,2
Full (17 features),GMM,6,0.0912,10.3755,1.2738,963.9925,0.3439,0.216,1
Full (17 features),GMM,7,0.1329,10.9806,1.3648,991.0981,0.3214,0.2512,1
Full (17 features),Ward,2,0.4176,27.084,0.8878,,0.6263,0.6205,8
Full (17 features),Ward,3,0.1748,19.0488,1.7604,,0.467,0.3779,8
Full (17 features),Ward,4,0.1788,16.4879,1.551,,0.4159,0.3268,7
Full (17 features),Ward,5,0.195,15.4613,1.3767,,0.397,0.3048,7
Full (17 features),Ward,6,0.1994,14.742,1.2466,,0.4299,0.3165,2
Full (17 features),Ward,7,0.2185,14.555,1.1539,,0.4597,0.3132,2
Reduced (9 features),k-means,2,0.1981,14.7272,1.678,,0.5032,0.493,22
Reduced (9 features),k-means,3,0.193,12.8867,1.5953,,0.4283,0.417,7
Reduced (9 features),k-means,4,0.1909,12.1656,1.3842,,0.4042,0.3611,7
Reduced (9 features),k-means,5,0.1973,11.7327,1.3694,,0.3956,0.2996,7
Reduced (9 features),k-means,6,0.232,11.8552,1.1721,,0.4474,0.3927,4
Reduced (9 features),k-means,7,0.2536,12.2543,1.1128,,0.4771,0.4273,2
Reduced (9 features),GMM,2,0.1825,9.3393,1.8707,821.1149,0.3788,0.2712,12
Reduced (9 features),GMM,3,0.0987,8.064,2.0969,840.4752,0.3127,0.2546,9
Reduced (9 features),GMM,4,0.0355,5.2428,2.2356,853.1756,0.2847,0.2222,5
Reduced (9 features),GMM,5,0.1368,7.5168,1.2171,868.474,0.3005,0.1899,1
Reduced (9 features),GMM,6,0.1161,6.978,1.4226,881.4512,0.3225,0.268,1
Reduced (9 features),GMM,7,0.2161,10.2786,1.1121,885.2924,0.389,0.323,1
Reduced (9 features),Ward,2,0.1927,13.7894,1.7145,,0.4379,0.4093,19
Reduced (9 features),Ward,3,0.1633,11.3397,1.5941,,0.4004,0.388,7
Reduced (9 features),Ward,4,0.1672,11.2636,1.5368,,0.4,0.3346,7
Reduced (9 features),Ward,5,0.1982,11.2425,1.4047,,0.4219,0.345,4
Reduced (9 features),Ward,6,0.1998,11.1124,1.2724,,0.4255,0.3664,4
Reduced (9 features),Ward,7,0.226,11.4644,1.1556,,0.4712,0.3842,2
